ID;Mesocosme;Time;Cyto;BP(nM);TOC;NO3;NO2;PO4;SiO2;NH4;TDN;F486;F392;F340;F302;THAA_[nM];DI;L-Asp;D-Asp;L-Glu;D-Glu;L-Ser;D-Ser;L-Thr;Gly;L-Arg;B-Ala;L-His;L-Ala;GABA;D-Ala;L-Tyr;L-Val;L-Met;D-Val;L-Phe;L-Ileu;L-Leu;D-Leu;L-Lys
M1T0;Surf;0;406562.5;8.41588708401675;64.525797830268;12.711;0.067;0.85236754865;8.39486868291;0.327899199414392;16.752380952381;0.0348742848954732;0.0447398349590598;0.0259112734462325;0.0292007431060354;1074.00733863406;0.55945036;73.2211932531355;11.4725460379498;152.723363877029;11.4814330378357;174.2117009;2.259702899;42.4928691069268;216.858281992489;14.8929153492019;15.65986188;63.5976896949294;97.08242524;3.782236479;13.31993281404;9.674529372;43.6970214341517;1.923019592;0.830847455;26.8232417141724;12.7761331782643;44.44927998;0.705255267;40.0718581100076
M1T1;Surf;1;410700;NA;NA;NA;NA;NA;NA;NA;NA;NA;NA;NA;NA;NA;NA;NA;NA;NA;NA;NA;NA;NA;NA;NA;NA;NA;NA;NA;NA;NA;NA;NA;NA;NA;NA;NA;NA;NA
M1T2;Surf;2;358594.405594405;NA;NA;NA;NA;NA;NA;NA;NA;NA;NA;NA;NA;NA;NA;NA;NA;NA;NA;NA;NA;NA;NA;NA;NA;NA;NA;NA;NA;NA;NA;NA;NA;NA;NA;NA;NA;NA
M1T3;Surf;3;463723.443223444;NA;NA;NA;NA;NA;NA;NA;NA;NA;NA;NA;NA;NA;NA;NA;NA;NA;NA;NA;NA;NA;NA;NA;NA;NA;NA;NA;NA;NA;NA;NA;NA;NA;NA;NA;NA;NA
M1T4;Surf;4;850833.333333333;560.295020943753;66.8570524615551;11.869;0.062;0.80506854017;11.50914316716;0.353031373911377;18.1952380952381;0.0318567767234215;0.043424487699015;0.0263185614942796;0.0284455460553168;743.032099196461;0.80835652;53.70458426;12.1669372215821;95.44982824;9.36837634380389;68.32406364;2.28135064733181;21.46788454;184.250693;20.02817363;12.7507200141113;52.2129054856246;60.71020851;4.611925526;7.594361732;0.312013863;33.3118184071654;0.;0.799996003;15.11152322;24.9690576294033;32.74626178;1.550685403;29.30873015
M1T5;Surf;5;1090875.00;NA;NA;NA;NA;NA;NA;NA;NA;NA;NA;NA;NA;NA;NA;NA;NA;NA;NA;NA;NA;NA;NA;NA;NA;NA;NA;NA;NA;NA;NA;NA;NA;NA;NA;NA;NA;NA
M1T6;Surf;6;1029000.00;NA;NA;NA;NA;NA;NA;NA;NA;NA;NA;NA;NA;NA;NA;NA;NA;NA;NA;NA;NA;NA;NA;NA;NA;NA;NA;NA;NA;NA;NA;NA;NA;NA;NA;NA;NA;NA
M1T7;Surf;7;1168285.71428571;648.438282931479;57.7818112183303;12.659;0.08;0.83167423244;14.70950328756;0.308532232468142;15.6047619047619;NA;NA;NA;NA;785.245160106301;0.75095176;65.6180334473492;13.1188289594664;103.745607405815;8.77392534473627;58.9793336335179;2.07115546922983;40.38898459;156.32336163759;19.7900715876735;12.04983789;34.4337082143656;66.2828361566014;6.235273774;13.2559873701872;4.811879743;38.86465999;14.72723388;0.937332109;20.7262892;32.5320793211366;38.9187752380865;0.964030622;31.6959345214083
M1T8;Surf;8;1183333.33333333;NA;NA;NA;NA;NA;NA;NA;NA;NA;NA;NA;NA;NA;NA;NA;NA;NA;NA;NA;NA;NA;NA;NA;NA;NA;NA;NA;NA;NA;NA;NA;NA;NA;NA;NA;NA;NA
M1T9;Surf;9;918555.555555556;NA;NA;NA;NA;NA;NA;NA;NA;NA;NA;NA;NA;NA;NA;NA;NA;NA;NA;NA;NA;NA;NA;NA;NA;NA;NA;NA;NA;NA;NA;NA;NA;NA;NA;NA;NA;NA
M1T10;Surf;10;559250.00;NA;58.1148475942285;NA;NA;NA;NA;NA;17.2595238095238;NA;NA;NA;NA;NA;NA;NA;NA;NA;NA;NA;NA;NA;NA;NA;NA;NA;NA;NA;NA;NA;NA;NA;NA;NA;NA;NA;NA;NA
M1T16;Surf;16;160617.647058824;13.5620895316951;56.8659611846104;9.93;0.176;0.72229527533;12.19681548417;0.521057786483839;16.9095238095238;0.0605827592559072;0.0690204252479753;0.0444769721972639;0.0575717129463931;929.546192956717;0.10816190;66.0850382922004;13.8717319431083;92.9434210336899;8.63377417758829;118.621107808625;1.49517457969864;44.02408291;254.651542658329;22.4399839356773;10.6890268903479;45.8889284687565;74.650383930136;3.79091361487036;17.8734969735705;3.13168024214553;34.5854443592419;0.413550582;0.774271335;18.7249511010576;24.5610603007769;41.95270834;0.39852009;29.3453993858769
M1T21;Surf;21;270521.739130435;45.3880461492952;56.9492202785849;11.548;0.068;0.78240443194;14.25071748549;0.677490281526234;16.247619047619;NA;NA;NA;NA;504.733145930137;1.93710719;39.00943046;7.575973593;35.44109433;1.632600572;51.69560413;2.340868347;20.54661223;122.2724322;4.420399122;9.275100133;38.92982589;40.35606205;2.064322236;9.378600497;0.;24.18865956;0.;0.493567263;7.795182676;58.80372454;13.02591894;0.;15.48716719
M1T25;Surf;25;470941.176470588;NA;57.1989975605086;NA;NA;NA;NA;NA;16.2214285714286;NA;NA;NA;NA;NA;NA;NA;NA;NA;NA;NA;NA;NA;NA;NA;NA;NA;NA;NA;NA;NA;NA;NA;NA;NA;NA;NA;NA;NA
M1T31;Surf;31;488933.333333333;58.9054864776305;54.6179656472978;11.549;0.066;0.78338982795;15.34147313412;-0.0569601859924441;17.2095238095238;0.0428592638449875;0.0571828607529676;0.0273875714948787;0.0746044245819418;991.125556700783;0.50699805;80.6897448641431;10.1771656234896;91.2221993496453;5.11713073913047;148.394986005957;2.25559127072393;54.0182209540762;219.991535130332;27.386322250931;9.271948953;44.3412783606511;75.270913963658;4.030418232;11.3939714442422;8.447630191;41.6118595950781;13.70611815;0.635456616;24.68912328;29.8563146086163;53.6907001376385;0.7160119;34.2109150810924
M1T61;Surf;61;317833.333333333;26.3911199188921;54.8677429292214;11.492;0.078;0.80408314416;17.31637890462;0.776002191580678;17.6833333333333;NA;NA;NA;NA;NA;NA;NA;NA;NA;NA;NA;NA;NA;NA;NA;NA;NA;NA;NA;NA;NA;NA;NA;NA;NA;NA;NA;NA;NA
M1T92;Surf;92;272555.555555556;35.3674584448498;NA;11.66;0.244;0.81492250027;19.10999845311;0.182520215778536;17.2142857142857;0.0509868038904508;0.070176169590488;0.0408636264391928;0.035910612121111;836.406996265021;0.28668142;72.2079048235073;12.9025004355662;108.78538210135;7.96333940520693;135.66340318578;3.0900194075267;46.137011219539;144.547122682774;11.9304560804927;17.607286807168;28.4016506214946;68.2677752776253;4.8550304498138;12.1540660840317;16.2791887338851;34.1522682586617;1.37718457092662;0.;17.4690539335758;9.73998536424839;52.2856362731068;0.;30.59073054874
M1T183;Surf;183;372200.00;15.3280334830398;NA;8.729;0.222;0.70061656311;17.81972668305;1.41351543605065;17.0238095238095;0.0498590652784925;0.072745317069005;0.11583096290317;0.0620363038345566;609.745732633925;-0.58842115;44.8199127678978;5.22495392385586;64.9519103954217;3.21174752624464;99.7392822657827;1.67023054443838;25.515363296362;171.96336364093;12.5286168444261;9.68074999678031;19.949266106482;51.4049495192938;3.66299561687911;8.98395930420551;6.27627879585824;22.964511330194;0;0.536114170006682;12.1520129116802;4.93243852137707;16.2993120261871;1.66875262497748;21.6090105046444
M1T274;Surf;274;245400.00;8.40299414320919;NA;11.15;0.692;0.74101779952;22.63849676307;0.0935000987826934;18.0047619047619;NA;NA;NA;NA;NA;NA;NA;NA;NA;NA;NA;NA;NA;NA;NA;NA;NA;NA;NA;NA;NA;NA;NA;NA;NA;NA;NA;NA;NA
M1T548;Surf;548;NA;NA;NA;NA;NA;NA;NA;NA;17.0214285714286;0.107565975143861;0.138531739994235;0.122715163777677;0.0178469633785731;NA;NA;NA;NA;NA;NA;NA;NA;NA;NA;NA;NA;NA;NA;NA;NA;NA;NA;NA;NA;NA;NA;NA;NA;NA
M2T0;Surf;0;474583.333333333;6.65471496249178;62.9438750447518;12.969;0.073;0.87404626087;8.60046143748;0.728945153477507;16.7904761904762;0.0407252203482952;0.039315836240316;0.0229302112365885;0.0231297067893184;1041.38877729471;0.87022459;89.42629127;18.6205616948072;141.9872587;13.4486291252827;88.32087503;2.609867553;44.01211999;222.4962393;27.28356517;13.69721814;63.7134529329573;83.55809076;6.505412947;14.06574902;3.517693674;44.68156259;1.60554156887324;1.41140945741851;26.21736052;41.8603504803943;50.49206248;2.358984858;39.49848007
M2T1;Surf;1;279433.793103449;NA;NA;NA;NA;NA;NA;NA;NA;NA;NA;NA;NA;NA;NA;NA;NA;NA;NA;NA;NA;NA;NA;NA;NA;NA;NA;NA;NA;NA;NA;NA;NA;NA;NA;NA;NA;NA
M2T2;Surf;2;332879.37062937;NA;NA;NA;NA;NA;NA;NA;NA;NA;NA;NA;NA;NA;NA;NA;NA;NA;NA;NA;NA;NA;NA;NA;NA;NA;NA;NA;NA;NA;NA;NA;NA;NA;NA;NA;NA;NA
M2T3;Surf;3;519035.714285714;NA;NA;NA;NA;NA;NA;NA;NA;NA;NA;NA;NA;NA;NA;NA;NA;NA;NA;NA;NA;NA;NA;NA;NA;NA;NA;NA;NA;NA;NA;NA;NA;NA;NA;NA;NA;NA
M2T4;Surf;4;812783.333333334;710.81794982807;62.36106138693;12.443;0.071;0.83561581648;11.89095828279;0.23335769134013;16.2714285714286;0.0323308813944191;0.0391783928126311;0.0338928208667406;0.0245125712516142;922.594856738669;1.17022498;75.97674312;12.2102436494485;117.8601769;9.61412251193192;98.64233294;1.63115207428011;37.43916226;201.1398819;28.99014426;9.11087619826053;90.3579733002469;70.71647409;2.31103705288869;12.4309945;1.262936075;35.19361227;1.066764772;0.737377129;19.71531069;26.0567389799235;31.60431773;0.224068941;38.30241548
M2T5;Surf;5;1059750.00;NA;NA;NA;NA;NA;NA;NA;NA;NA;NA;NA;NA;NA;NA;NA;NA;NA;NA;NA;NA;NA;NA;NA;NA;NA;NA;NA;NA;NA;NA;NA;NA;NA;NA;NA;NA;NA
M2T6;Surf;6;1081625.00;NA;NA;NA;NA;NA;NA;NA;NA;NA;NA;NA;NA;NA;NA;NA;NA;NA;NA;NA;NA;NA;NA;NA;NA;NA;NA;NA;NA;NA;NA;NA;NA;NA;NA;NA;NA;NA
M2T7;Surf;7;1096750.00;674.534656597867;57.6152930303812;11.795;0.071;0.788316808;12.18162390132;0.574391176206971;16.0380952380952;NA;NA;NA;NA;889.860404249053;0.82757921;70.81726826;16.19264148;103.314422;11.90156727;83.80841199;2.04947277074568;42.22507635;189.5494147;24.1985521387386;11.18538544;44.5655510553247;75.62129363;1.835408754;12.88615298;4.49862865;40.09466188;7.219306413;1.066389227;21.37970357;43.0786241710041;46.41765623;1.445202037;34.50961325
M2T8;Surf;8;1095571.42857143;NA;NA;NA;NA;NA;NA;NA;NA;NA;NA;NA;NA;NA;NA;NA;NA;NA;NA;NA;NA;NA;NA;NA;NA;NA;NA;NA;NA;NA;NA;NA;NA;NA;NA;NA;NA;NA
M2T9;Surf;9;739272.727272727;NA;NA;NA;NA;NA;NA;NA;NA;NA;NA;NA;NA;NA;NA;NA;NA;NA;NA;NA;NA;NA;NA;NA;NA;NA;NA;NA;NA;NA;NA;NA;NA;NA;NA;NA;NA;NA
M2T10;Surf;10;416904.761904762;NA;59.1972158158975;NA;NA;NA;NA;NA;18.4380952380952;NA;NA;NA;NA;NA;NA;NA;NA;NA;NA;NA;NA;NA;NA;NA;NA;NA;NA;NA;NA;NA;NA;NA;NA;NA;NA;NA;NA;NA
M2T16;Surf;16;131000.00;23.4115900821767;58.6976612520503;11.598;0.078;0.76762349179;13.45670408853;0.46318226337815;16.6285714285714;0.0617727876206247;0.0748159240015726;0.0522157706892009;0.0472318812900606;1163.20061517968;-0.03796678;80.1139883375462;12.8429766566406;144.779449303239;9.33788383201687;222.419782357325;2.46545508305416;55.9117802296503;265.607332147356;16.61874962;8.89045636382627;38.7665989700524;102.338674613346;3.57236477482725;12.5497628235588;12.66174972;40.626154935622;0.403525622;0.834787205;23.1499178150036;25.7485402621217;40.29061235;2.19332756824858;41.0767445825801
M2T21;Surf;21;293315.789473684;52.8225511418985;56.6161839026868;11.517;0.073;0.76959428381;13.89624721899;0.530522197736895;17.2642857142857;NA;NA;NA;NA;1279.01431932232;0.64914890;126.1896941;21.12561922;141.3026603;9.692949603;146.2645292;2.31129037952943;58.38056951;237.4729325;41.17813019;7.94995969577713;50.7278735114507;105.852645;2.141343909;10.96748032;0.;56.84165062;0.973366517;0.999688274;28.08257781;57.6167110636531;98.24284293;1.70326458368285;72.99654005
M2T25;Surf;25;484500.00;NA;55.0342611171705;NA;NA;NA;NA;NA;16.802380952381;NA;NA;NA;NA;NA;NA;NA;NA;NA;NA;NA;NA;NA;NA;NA;NA;NA;NA;NA;NA;NA;NA;NA;NA;NA;NA;NA;NA;NA
M2T31;Surf;31;508000.00;109.900865478282;53.7853747075524;11.516;0.082;0.77550665987;14.96472187944;0.189479802383028;17.7285714285714;0.04437090968387;0.0551481087061524;0.0273421426680539;0.0879939838868324;1569.59380862107;0.46719203;122.93469879318;17.5128391066202;200.56081972638;12.0775519872085;185.8851718;3.06198982;66.41304644;371.064825844135;55.0839870694694;8.848174819;31.6848791050519;102.470638802013;2.499948363;12.07617597;8.658466059;66.10387162;23.92955872;0.815314196159929;42.23126279;57.5925587614152;106.5028921;1.954668664;69.6304679813528
M2T61;Surf;61;164068.965517241;21.9036629838394;54.8677429292214;11.561;0.077;0.80901012421;17.02976437485;0.74361549934557;17.4452380952381;NA;NA;NA;NA;NA;NA;NA;NA;NA;NA;NA;NA;NA;NA;NA;NA;NA;NA;NA;NA;NA;NA;NA;NA;NA;NA;NA;NA;NA
M2T92;Surf;92;219043.47826087;31.2217952213728;NA;11.558;0.112;0.81689329229;18.90339292635;0.326329503730901;18.0464285714286;0.0469290318835978;0.0649753943628106;0.0324352480389086;0.0295274449498952;637.616834871762;0.28754730;56.9279923871704;15.954633910251;82.1738371065228;9.40553078083956;53.52913511;1.93647755764068;21.30899452;156.908081174888;15.9589036385722;9.461675304;13.5991359024234;48.722652967468;3.95474956919593;11.8492392877629;2.81250939881065;21.43588709;0.11725764521743;1.074604588;16.8108388276527;25.5006872053599;40.71216382;1.981101446;25.4807456177634
M2T183;Surf;183;253347.826086957;11.7834052129368;NA;11.945;0.012;0.83955740052;24.02498189118;0.0232750035566938;17.6833333333333;0.0870429672317486;0.128504790674152;0.084198118392788;0.0656212847920689;347.246798035015;-0.90695330;24.0592397224965;6.27995126925763;35.2985414209938;1.50980535833222;36.0004172244851;1.32523033428242;12.9104819867954;117.021242050066;4.11627548279566;11.1452101285123;12.213113585305;31.2282435570375;3.53764364288307;9.89357194111151;2.02907440742467;13.3668622213638;0;0.590630867248847;5.77319726583445;1.6867202793877;7.15503315746789;0;10.106312131933
M2T274;Surf;274;301357.142857143;8.17144789067988;NA;13.155;0.84;0.84054279653;27.81477542616;-0.0704335800367774;17.6261904761905;NA;NA;NA;NA;NA;NA;NA;NA;NA;NA;NA;NA;NA;NA;NA;NA;NA;NA;NA;NA;NA;NA;NA;NA;NA;NA;NA;NA;NA
M2T548;Surf;548;NA;NA;NA;NA;NA;NA;NA;NA;17.5380952380952;0.107242865123955;0.146582575015149;0.117646284710857;0.0355571556909472;NA;NA;NA;NA;NA;NA;NA;NA;NA;NA;NA;NA;NA;NA;NA;NA;NA;NA;NA;NA;NA;NA;NA;NA;NA
M3T0;Shallow;0;258728.571428571;3.68378529144846;62.4443204809045;13.514;0.064;0.89559121374;8.76260949234;0.293122151737333;16.7428571428571;0.036325118814382;0.0434564410962765;0.021739466693455;0.0189082273975258;846.814054033784;0.67732905;62.72410956;13.46039478;107.203607;9.636029436;93.00735728;1.743154199;38.00175498;189.6249839;19.00268857;9.7757854893763;31.6848791050519;64.40151458;3.98785192382925;11.74481016;7.793089217;53.09443371;0.;0.313718422;17.01318216;57.5925587614152;28.7653532;0.377637713;25.86515998
M3T1;Shallow;1;84709.2760180996;NA;NA;NA;NA;NA;NA;NA;NA;NA;NA;NA;NA;NA;NA;NA;NA;NA;NA;NA;NA;NA;NA;NA;NA;NA;NA;NA;NA;NA;NA;NA;NA;NA;NA;NA;NA;NA
M3T2;Shallow;2;109975.752508361;NA;NA;NA;NA;NA;NA;NA;NA;NA;NA;NA;NA;NA;NA;NA;NA;NA;NA;NA;NA;NA;NA;NA;NA;NA;NA;NA;NA;NA;NA;NA;NA;NA;NA;NA;NA;NA
M3T3;Shallow;3;179142.361111111;NA;NA;NA;NA;NA;NA;NA;NA;NA;NA;NA;NA;NA;NA;NA;NA;NA;NA;NA;NA;NA;NA;NA;NA;NA;NA;NA;NA;NA;NA;NA;NA;NA;NA;NA;NA;NA
M3T4;Shallow;4;214248.571428571;323.235442147419;58.1148475942285;13.395;0.058;0.88770922286;11.81853283512;0.136200390526732;17.8285714285714;0.0320706018837957;0.0382323768287978;0.0309132662391226;0.0177024293320635;975.422926296841;1.00576674;80.81454728;16.18482;138.5511338;10.44928096;99.53680176;2.49374468182316;38.14842327;217.7068806;23.150144;11.2123883828599;78.8063315108999;70.54914064;2.25045338295995;11.35132922;4.50431094564924;45.07501886;0.541014323;0.746804096;20.46787122;29.7878809602347;36.32745871;0.152433127157887;36.61471463
M3T5;Shallow;5;271076.923076923;NA;NA;NA;NA;NA;NA;NA;NA;NA;NA;NA;NA;NA;NA;NA;NA;NA;NA;NA;NA;NA;NA;NA;NA;NA;NA;NA;NA;NA;NA;NA;NA;NA;NA;NA;NA;NA
M3T6;Shallow;6;256636.363636364;NA;NA;NA;NA;NA;NA;NA;NA;NA;NA;NA;NA;NA;NA;NA;NA;NA;NA;NA;NA;NA;NA;NA;NA;NA;NA;NA;NA;NA;NA;NA;NA;NA;NA;NA;NA;NA
M3T7;Shallow;7;236625.00;386.372762203702;56.3664066207632;13.536;0.062;0.89460596488;13.1981044602;0.253696703204003;NA;NA;NA;NA;NA;663.577384194261;1.95198072;48.9602089677692;10.8296572406375;75.1370852779437;7.38577466414963;65.1295962806;1.38512399166152;29.8066589668111;135.112798240816;10.2427170774999;12.4077329918254;64.0079798154893;49.6872574228858;3.307786;11.06880889;9.35754617314039;26.4054378305734;14.25181346;0.582336558;14.2995435530994;24.8671296614471;29.6039045365256;0.64673647;19.0937501173312
M3T8;Shallow;8;237130.434782609;NA;NA;NA;NA;NA;NA;NA;NA;NA;NA;NA;NA;NA;NA;NA;NA;NA;NA;NA;NA;NA;NA;NA;NA;NA;NA;NA;NA;NA;NA;NA;NA;NA;NA;NA;NA;NA
M3T9;Shallow;9;301375.00;NA;NA;NA;NA;NA;NA;NA;NA;NA;NA;NA;NA;NA;NA;NA;NA;NA;NA;NA;NA;NA;NA;NA;NA;NA;NA;NA;NA;NA;NA;NA;NA;NA;NA;NA;NA;NA
M3T10;Shallow;10;221621.621621622;NA;58.198106688203;NA;NA;NA;NA;NA;NA;NA;NA;NA;NA;NA;NA;NA;NA;NA;NA;NA;NA;NA;NA;NA;NA;NA;NA;NA;NA;NA;NA;NA;NA;NA;NA;NA;NA;NA
M3T16;Shallow;16;631833.333333333;529.46144271358;55.7003338689668;10.376;0.051;0.70839393034;11.95932612138;0.212002493099457;17.5261904761905;0.0515121374683247;0.0533716573470861;0.0279035344153208;0.0423298502759417;633.88390718652;0.61598646;47.15057903;10.03756299;71.39135281;6.36506433828553;63.55043242;2.09313915625437;29.80266325;147.5754761;10.35407913;8.38359899772088;29.87277008;57.67353829;3.64428458808215;12.48788263;2.57076764948384;31.3270595638626;0.620374567;0.723547192;13.36863545;36.8833776702351;24.67930831;0.831785876;22.49662707
M3T21;Shallow;21;694181.818181818;335.445203027301;57.5320339364067;12.348;0.066;0.77440560396;14.57261157858;0.14945898432664;17.1595238095238;NA;NA;NA;NA;767.463787766908;0.36941882;81.9422392930513;11.3606642508856;119.238279302094;8.45135529545096;46.15382207;2.32270472841742;30.49333291;147.0444495;29.24683945;7.75120762386453;23.6513576090223;60.29210048;2.08310306004889;10.95974749;0.0;41.5186369361934;0.711868564;0.825187413;18.38713341;31.8919282269433;51.37488894;0.226879148;41.53606206
M3T25;Shallow;25;167380.952380952;NA;56.033370244865;NA;NA;NA;NA;NA;18.0809523809524;NA;NA;NA;NA;NA;NA;NA;NA;NA;NA;NA;NA;NA;NA;NA;NA;NA;NA;NA;NA;NA;NA;NA;NA;NA;NA;NA;NA;NA
M3T31;Shallow;31;116513.513513514;74.1181683831917;53.0360428617816;12.335;0.056;0.80987456292;15.4112938881;0.0941586748038361;18.2380952380952;0.0445403846946318;0.0532181123882407;0.043630243213786;0.0798242225543313;613.719038081596;2.31325338;43.24286722;9.762080828;57.64918016;5.231009565;51.98568469;2.442869834;22.32304829;132.4705111;14.84736805;8.567844332;26.84146319;42.78892204;4.32630476;12.22201051;0.;22.37796427;13.63620656;0.697617357;10.55426994;79.16247217;31.33119248;0.41004174;20.84810894
M3T61;Shallow;61;203370.37037037;17.3098066723838;56.4496657147377;12.387;0.051;0.80987456292;17.20615506258;0.306395154171613;18.0047619047619;NA;NA;NA;NA;NA;NA;NA;NA;NA;NA;NA;NA;NA;NA;NA;NA;NA;NA;NA;NA;NA;NA;NA;NA;NA;NA;NA;NA;NA
M3T92;Shallow;92;83775.00;14.1645546183801;NA;12.685;0.147;0.82859429126;19.05166130406;0.570577024538886;17.1785714285714;0.0525481079402508;0.0604064334676631;0.0320150523806704;0.0318967828249949;420.144064150987;0.01875657;27.3621440975228;6.27897770843455;51.136550156832;4.37216634483282;62.2024025102734;1.45980500893743;18.4214212277126;91.6055339204988;9.17593308261661;14.4469756278826;15.5529086661061;37.6513627077049;3.62539835043137;8.35632117182208;0.;15.3672490456194;0.359494641681388;0.;8.86537612206319;8.43142614973843;21.0480872006277;0.;14.4245304096485
M3T183;Shallow;183;245700.00;13.5265707949217;NA;12.712;0.022;0.85026976618;25.119953232;0.063109972969128;17.2714285714286;0.051129437315123;0.0672123366273251;0.0615831236714906;0.0504576287263123;534.765962595833;-0.32285092;34.3886992291799;4.60469500126117;58.864194438932;4.08341692072935;48.6040470003508;2.28899527997742;19.7909502976198;161.553806570582;11.7612153110316;8.50757407265745;11.9524444542671;44.6953533825663;2.99534826077342;8.76604711267642;4.11656225896241;35.3233600259363;0;0.50274382416085;11.5280917448781;18.6461120034017;22.0829277868179;0;19.7093776190715
M3T274;Shallow;274;205307.692307692;5.907713783505;NA;13.425;0.6;0.8571665082;28.95175900122;0.00471117460220984;17.4285714285714;NA;NA;NA;NA;NA;NA;NA;NA;NA;NA;NA;NA;NA;NA;NA;NA;NA;NA;NA;NA;NA;NA;NA;NA;NA;NA;NA;NA;NA
M3T548;Shallow;548;NA;NA;NA;NA;NA;NA;NA;NA;18.2714285714286;0.093124762992455;0.122290028335489;0.149272108852394;0.0518208766340551;NA;NA;NA;NA;NA;NA;NA;NA;NA;NA;NA;NA;NA;NA;NA;NA;NA;NA;NA;NA;NA;NA;NA;NA;NA
M4T0;Shallow;0;191005.555555556;3.62997160864895;64.8588342061662;13.572;0.069;0.89263546716;8.54584860558;0.763537216858412;17.0809523809524;0.0351768504911245;0.0407975756526195;0.0207378715764982;0.0238300562263182;683.078629686916;0.98045149;43.0409186856056;11.6144223408499;74.9446766218293;7.19492697885721;66.6044313214538;2.3824066596457;27.1129868964022;169.48726072982;13.2575928936011;12.24185227;51.8242965828904;55.3138197508945;13.0016547249944;12.7423767114219;4.73059065230157;26.35964604;0.6154134585135;1.079406467;14.22442131;22.1946327659697;30.39964602;0.463189129;22.2480606830085
M4T1;Shallow;1;80624.5404411765;NA;NA;NA;NA;NA;NA;NA;NA;NA;NA;NA;NA;NA;NA;NA;NA;NA;NA;NA;NA;NA;NA;NA;NA;NA;NA;NA;NA;NA;NA;NA;NA;NA;NA;NA;NA;NA
M4T2;Shallow;2;106490.853658537;NA;NA;NA;NA;NA;NA;NA;NA;NA;NA;NA;NA;NA;NA;NA;NA;NA;NA;NA;NA;NA;NA;NA;NA;NA;NA;NA;NA;NA;NA;NA;NA;NA;NA;NA;NA;NA
M4T3;Shallow;3;171820.707070707;NA;NA;NA;NA;NA;NA;NA;NA;NA;NA;NA;NA;NA;NA;NA;NA;NA;NA;NA;NA;NA;NA;NA;NA;NA;NA;NA;NA;NA;NA;NA;NA;NA;NA;NA;NA;NA
M4T4;Shallow;4;232948.343079922;313.285341403915;57.0324793725595;13.124;0.061;0.86800424566;11.57644941486;0.21438719647328;17.8261904761905;0.0441387800542572;0.0378817342942272;0.218493917936801;0.0329375259571566;863.998469906917;1.22426252;79.64370924;13.66764976;138.511959;7.323857201;59.11201538;2.07374508216971;33.546667;172.6384859;26.40742172;10.7210611778189;66.242715965805;59.76790321;2.22191151;10.63649142;0.;42.8179349162471;1.017780601;0.758116563;20.08136723;31.7628360501301;47.62919368;0.250444946439756;37.16520235
M4T5;Shallow;5;210063.725490196;NA;NA;NA;NA;NA;NA;NA;NA;NA;NA;NA;NA;NA;NA;NA;NA;NA;NA;NA;NA;NA;NA;NA;NA;NA;NA;NA;NA;NA;NA;NA;NA;NA;NA;NA;NA;NA
M4T6;Shallow;6;280500.00;NA;NA;NA;NA;NA;NA;NA;NA;NA;NA;NA;NA;NA;NA;NA;NA;NA;NA;NA;NA;NA;NA;NA;NA;NA;NA;NA;NA;NA;NA;NA;NA;NA;NA;NA;NA;NA
M4T7;Shallow;7;237387.096774194;421.634013837661;64.0262432664208;13.295;0.093;0.88081248084;13.03401444312;0.674724915510706;17.1952380952381;NA;NA;NA;NA;751.243153184754;1.40765148;57.7368247760493;11.62667253;93.92960383;9.874114862;75.6886066303415;1.63396517067795;32.7582401537706;158.118544328915;16.0283744383556;11.63210041;60.6007542729122;55.9884259803977;5.362148546;10.38068271;0.233011699;30.0149449077259;7.921429288;0.613144091;14.8660752713714;29.7672961226656;40.8806582064684;0.562458622;25.0250763345058
M4T8;Shallow;8;253280.00;NA;NA;NA;NA;NA;NA;NA;NA;NA;NA;NA;NA;NA;NA;NA;NA;NA;NA;NA;NA;NA;NA;NA;NA;NA;NA;NA;NA;NA;NA;NA;NA;NA;NA;NA;NA;NA
M4T9;Shallow;9;265692.307692308;NA;NA;NA;NA;NA;NA;NA;NA;NA;NA;NA;NA;NA;NA;NA;NA;NA;NA;NA;NA;NA;NA;NA;NA;NA;NA;NA;NA;NA;NA;NA;NA;NA;NA;NA;NA;NA
M4T10;Shallow;10;256937.5;NA;59.280474909872;NA;NA;NA;NA;NA;17.6785714285714;NA;NA;NA;NA;NA;NA;NA;NA;NA;NA;NA;NA;NA;NA;NA;NA;NA;NA;NA;NA;NA;NA;NA;NA;NA;NA;NA;NA;NA
M4T16;Shallow;16;546461.538461538;478.265571532051;56.3664066207632;12.368;0.062;0.78031709712;14.20188968814;0.00573412875077902;17.7166666666667;0.0606704183029409;0.051909083265733;0.0422832788546127;0.0599437107323293;999.273670045592;0.44983172;82.5611777853049;15.1121740090967;128.8131521;10.2332837265779;86.94448978;1.87583739659201;46.76102828;197.6850759;37.12388359;8.74796270549772;40.5717770555015;85.7406439;6.754938426;14.24874534;0.816896463298779;53.7640996740783;0.;1.125496405;24.82540599;42.3740443392657;61.03450843;2.019826353;50.13922239
M4T21;Shallow;21;625461.538461538;384.718510994363;57.4487748424322;12.328;0.067;0.79016958572;14.74885641174;0.175051377918637;17.0595238095238;NA;NA;NA;NA;590.319781330927;0.07579842;36.97521102;9.724111915;57.34063272;7.698529914;48.49472827;1.45768693413888;22.3584046;169.583384914178;10.49077469;9.17949083827653;21.5313401437715;50.04713163;3.58996528490479;12.45915819;3.393293451;35.8369121;0.;0.322495777;13.5425255;23.9943686414246;24.90524952;0.677054826;26.71733045
M4T25;Shallow;25;143880.00;NA;59.1972158158975;NA;NA;NA;NA;NA;18.0785714285714;NA;NA;NA;NA;NA;NA;NA;NA;NA;NA;NA;NA;NA;NA;NA;NA;NA;NA;NA;NA;NA;NA;NA;NA;NA;NA;NA;NA;NA
M4T31;Shallow;31;156000.00;153.653773718434;52.8695246738325;12.367;0.064;0.68770370428;15.86608658976;-0.103458297006684;18.5047619047619;0.0434071793605526;0.0590757286141028;0.0280911710250887;0.0945509999041166;717.327718714909;-0.25544998;53.26323701;9.98643928905931;62.6418218149766;6.61312301353823;115.9915798;1.63169172580388;36.14434909;189.284689303536;15.7695859580821;8.94409336680372;30.9326468363904;62.45514267;3.0905462595622;10.87216127;4.545844584;28.3650842024203;0.424318371;0.714032273;13.75941746;16.9062904409522;21.84358556;0.531694199188291;22.61634423
M4T61;Shallow;61;163678.571428571;30.3644483668729;53.3690792376797;12.333;0.05;0.82662379354;17.62752202002;0.478507290049615;17.4071428571429;NA;NA;NA;NA;NA;NA;NA;NA;NA;NA;NA;NA;NA;NA;NA;NA;NA;NA;NA;NA;NA;NA;NA;NA;NA;NA;NA;NA;NA
M4T92;Shallow;92;123000.00;18.0614287832883;NA;12.633;0.231;0.82957954012;19.45378313604;-0.130207918340099;17.7642857142857;0.0475659738717268;0.0604522475146834;0.0428927683223299;0.0381510273494907;1825.92545778805;-0.23655956;117.2050413;21.76367258;230.6451929;19.41235258;332.051608887289;3.66979866854972;80.81627088;439.3269251;55.25723108;9.97224938769085;32.2503796843693;148.7687365;5.18689287514172;18.26975331;20.3607577713881;61.10138176;0.385385902;1.052098205;35.05980656;48.5353456818705;72.92952136;4.93489740078089;66.97015732
M4T183;Shallow;183;306800.00;14.685944229572;NA;12.754;0.013;0.84928451732;25.28404324908;0.349921752738654;17.4642857142857;0.0570159950236577;0.0776174074307974;0.117257597790829;0.074007933068923;1340.43924952342;0.03156565;105.218030361366;12.5969062566675;201.302841321809;10.5160112817441;188.379407123551;1.80574095383605;51.042364256038;325.526390997328;35.0791244829925;9.26031559834241;19.9140299174945;94.5837314910458;5.97977728730302;13.9592040147955;8.20741979432003;50.3883217659691;0.454565393206826;1.25297662335472;28.7152973243888;38.9406458699448;80.5335257236969;0;56.7826216842216
M4T274;Shallow;274;256454.545454545;2.6414336680383;NA;13.02;0.152;0.86110750364;31.6278443415;0.0493092810139665;19.0357142857143;NA;NA;NA;NA;NA;NA;NA;NA;NA;NA;NA;NA;NA;NA;NA;NA;NA;NA;NA;NA;NA;NA;NA;NA;NA;NA;NA;NA;NA
M4T548;Shallow;548;NA;NA;NA;NA;NA;NA;NA;NA;17.9761904761905;0.123335184520354;0.130418618382149;0.181400306611364;0.0677447201187422;NA;NA;NA;NA;NA;NA;NA;NA;NA;NA;NA;NA;NA;NA;NA;NA;NA;NA;NA;NA;NA;NA;NA;NA;NA
M5T0;Deep;0;285730.392156863;2.08125837794633;64.4425387362935;13.104;0.051;0.90149732121;9.036138940026;0.227267742306305;17.4;0.0338403867858564;0.0425095848286272;0.0195939192381424;0.02028711029708;751.781211159282;0.88904508;52.3169598117721;14.17737542;99.1309128895796;9.63563529031029;83.8413634108906;2.30389611064565;31.516355619565;176.320291792477;10.23754490358;16.9997215049044;58.7667636688586;60.3230347928273;3.33470051336755;13.0864363320272;3.65744005203544;28.8027272939958;0.360902101307511;0.934345848;13.0792018342551;16.4640059845565;34.91287649;0.;21.57871949
M5T1;Deep;1;67647.9166666667;NA;NA;NA;NA;NA;NA;NA;NA;NA;NA;NA;NA;NA;NA;NA;NA;NA;NA;NA;NA;NA;NA;NA;NA;NA;NA;NA;NA;NA;NA;NA;NA;NA;NA;NA;NA;NA
M5T2;Deep;2;101610.89052751;NA;NA;NA;NA;NA;NA;NA;NA;NA;NA;NA;NA;NA;NA;NA;NA;NA;NA;NA;NA;NA;NA;NA;NA;NA;NA;NA;NA;NA;NA;NA;NA;NA;NA;NA;NA;NA
M5T3;Deep;3;157333.333333333;NA;NA;NA;NA;NA;NA;NA;NA;NA;NA;NA;NA;NA;NA;NA;NA;NA;NA;NA;NA;NA;NA;NA;NA;NA;NA;NA;NA;NA;NA;NA;NA;NA;NA;NA;NA;NA
M5T4;Deep;4;127796.859785784;392.098526314037;57.6985521243558;9.385;0.043;0.733020772656;8.768731622442;0.288318938150628;17.5380952380952;0.0328339345206421;0.0396467866316871;0.0255977446569287;0.0174082762856237;735.429438484424;1.13005770;58.1263612636769;10.98461208;113.0552628545;6.286357027;57.929215947743;1.85494351079512;27.48244751;178.97416849591;15.53422534;11.0779314704205;62.0950945745092;52.7393916999454;3.37578088548647;9.526682298;2.49339765620351;27.7069176741268;0.287963865;0.620996477;16.2751662345514;21.146173962322;30.42246528;0.327621669;27.1062607121407
M5T5;Deep;5;201490.83011583;NA;NA;NA;NA;NA;NA;NA;NA;NA;NA;NA;NA;NA;NA;NA;NA;NA;NA;NA;NA;NA;NA;NA;NA;NA;NA;NA;NA;NA;NA;NA;NA;NA;NA;NA;NA;NA
M5T6;Deep;6;219814.835164835;NA;NA;NA;NA;NA;NA;NA;NA;NA;NA;NA;NA;NA;NA;NA;NA;NA;NA;NA;NA;NA;NA;NA;NA;NA;NA;NA;NA;NA;NA;NA;NA;NA;NA;NA;NA;NA
M5T7;Deep;7;236888.888888889;280.057511635458;54.7844838352469;13.563;0.069;0.903467807158;13.575985899918;0.321944018263396;NA;NA;NA;NA;NA;661.437164501898;1.63078661;49.41215045;11.3508943577889;83.6699563320365;8.18493140634801;33.83909126;1.85411100448369;23.0835958;183.134406492781;14.6682649594596;11.94367904;63.6494447332445;43.0674083;5.1754644097038;11.2219183314795;0.072604237;20.96626938;12.332422;0.779333891;11.0685549;29.155718257401;25.04219118;0.63029515;17.13445863
M5T8;Deep;8;203840.00;NA;NA;NA;NA;NA;NA;NA;NA;NA;NA;NA;NA;NA;NA;NA;NA;NA;NA;NA;NA;NA;NA;NA;NA;NA;NA;NA;NA;NA;NA;NA;NA;NA;NA;NA;NA;NA
M5T9;Deep;9;265400.00;NA;NA;NA;NA;NA;NA;NA;NA;NA;NA;NA;NA;NA;NA;NA;NA;NA;NA;NA;NA;NA;NA;NA;NA;NA;NA;NA;NA;NA;NA;NA;NA;NA;NA;NA;NA;NA
M5T10;Deep;10;216956.52173913;NA;56.4496657147377;NA;NA;NA;NA;NA;17.597619047619;NA;NA;NA;NA;NA;NA;NA;NA;NA;NA;NA;NA;NA;NA;NA;NA;NA;NA;NA;NA;NA;NA;NA;NA;NA;NA;NA;NA;NA
M5T16;Deep;16;576500.00;596.692636565729;55.5338156810178;12.424;0.075;0.780312435408;13.901128888344;-0.0324637164989761;17.1357142857143;0.0507103370519629;0.0529847816441639;0.0392924955152013;0.0361597953356467;851.315993188025;0.28758942;66.16556223;9.31541918144257;117.986311206041;7.46507301204309;75.71410996;2.62441799609951;32.4492555684331;212.4804299;28.59662123;7.95764616311172;30.3547471088112;65.07202994;3.15647081724462;12.9987196621436;7.47295965473584;44.3558382202185;0.;0.850626581;21.13781082;30.517156680855;42.1358457;0.163129625960913;32.34581189
M5T21;Deep;21;794888.888888889;487.122315934958;57.115738466534;12.398;0.082;0.7881943792;14.404543421826;0.110882214573997;17.6857142857143;NA;NA;NA;NA;626.517149395375;0.18907989;36.5784767;7.879913982;60.61721854;8.298078495;62.1299265989321;1.74233210567528;24.84048201;165.742509520532;10.08105315;10.2792658679918;24.9305983917224;59.53236513;10.38065731;11.82754574;3.838180154;32.84579125;1.206173132;0.271399479;13.28237255;26.0348087078813;24.33772716;1.722393423;28.11787999
M5T25;Deep;25;554833.333333333;NA;58.6976612520503;NA;NA;NA;NA;NA;18.152380952381;NA;NA;NA;NA;NA;NA;NA;NA;NA;NA;NA;NA;NA;NA;NA;NA;NA;NA;NA;NA;NA;NA;NA;NA;NA;NA;NA;NA;NA
M5T31;Deep;31;102310.344827586;135.609729657722;52.1201928280616;9.782;0.049;0.703463483436;12.274401039708;0.526591107236269;17.4571428571429;0.0440264900655639;0.0545134355185099;0.0282988708773505;0.0955025284004889;594.202703068343;0.30638427;45.16383268;10.12932747;53.13828332;5.573351942;68.29719555;2.376443256;26.24485315;141.8132357;9.912535329;9.494810669;27.42302813;51.64115822;4.47067723399825;12.06865289;3.88332875;39.08608179;0.778735691;0.66585712;10.35938083;28.0723027907216;23.00798271;0.810954318;19.79069351
M5T61;Deep;61;317444.444444444;61.5874020664907;53.0360428617816;12.466;0.068;0.826618855186;16.901357959116;0.618695400724439;18.052380952381;NA;NA;NA;NA;NA;NA;NA;NA;NA;NA;NA;NA;NA;NA;NA;NA;NA;NA;NA;NA;NA;NA;NA;NA;NA;NA;NA;NA;
M5T92;Deep;92;314545.454545455;12.7572132111629;NA;12.814;0.314;0.8374565279;18.60709251522;0.577425085869952;18.6190476190476;0.0488890458500807;0.0596973038591907;0.0421143056599852;0.0379796664470597;520.542426819748;-0.06043112;40.3787658113824;6.438934796;57.277020155942;2.86947606285987;70.5294960726877;2.38753048998689;25.6763056434522;131.206705675435;10.6732392025554;14.3861970279576;19.8101930213964;45.0021547124616;4.24123405931928;9.95152711379397;6.973751555;15.29306928;0.251429804621898;0.919338601;10.253087917949;13.2213695282776;17.24473016;1.03994099999558;14.51692913
M5T183;Deep;183;411000.00;12.9263569275496;NA;12.827;0.041;0.834500798978;24.273291509784;0.620799544743207;18.3642857142857;0.0443942304663413;0.0617213161373913;0.0692637241732761;0.0393172605921175;673.610024414346;0.08160451;42.0457446982735;10.1640137107347;75.086861448663;5.23452338771109;49.3523326182869;2.30608187685158;23.362002223366;180.456474982455;21.8674038756132;11.7440329779016;21.8602029158743;58.8307593850746;7.8403073284004;12.030113141729;0.975350165676454;43.2477486563922;0;0.92171822077106;16.0477587075911;22.9538772432461;42.2195611503011;0;25.0631556994327
M5T274;Deep;274;426125.00;5.55300463069413;NA;13.097;0.062;0.860117116302;28.083845785356;0.168848497743195;18.5642857142857;NA;NA;NA;NA;NA;NA;NA;NA;NA;NA;NA;NA;NA;NA;NA;NA;NA;NA;NA;NA;NA;NA;NA;NA;NA;NA;NA;NA;NA
M5T548;Deep;548;NA;NA;NA;NA;NA;NA;NA;NA;17.1642857142857;0.0570180953944584;0.0845503039937306;0.0964000284320171;0.0538581007973009;NA;NA;NA;NA;NA;NA;NA;NA;NA;NA;NA;NA;NA;NA;NA;NA;NA;NA;NA;NA;NA;NA;NA;NA;NA
M6T0;Deep;0;132590.476190476;1.74439916074833;64.2760205483444;12.8;0.046;0.772430491616;7.245320237418;0.272958863456484;17.0095238095238;0.0423922961135699;0.02533683378587;0.023010216179041;0.023010216179041;1037.36476191034;0.68243440;62.9626525981689;15.9071965398758;130.936306226189;12.9254048469713;149.656475025298;2.44215194210313;44.7048127888355;247.505050461351;19.0154737622856;12.45898211;71.2050161248481;85.2824684347869;5.112571075;14.3382381;9.91237116648867;35.8002885452996;0.148262863444494;0.760443223619729;19.814763496567;23.4492120351634;37.39942475;1.4931230483793;34.1340727493748
M6T1;Deep;1;154550.00;NA;NA;NA;NA;NA;NA;NA;NA;NA;NA;NA;NA;NA;NA;NA;NA;NA;NA;NA;NA;NA;NA;NA;NA;NA;NA;NA;NA;NA;NA;NA;NA;NA;NA;NA;NA;NA
M6T2;Deep;2;90286.6883116885;NA;NA;NA;NA;NA;NA;NA;NA;NA;NA;NA;NA;NA;NA;NA;NA;NA;NA;NA;NA;NA;NA;NA;NA;NA;NA;NA;NA;NA;NA;NA;NA;NA;NA;NA;NA;NA
M6T3;Deep;3;150420.565302144;NA;NA;NA;NA;NA;NA;NA;NA;NA;NA;NA;NA;NA;NA;NA;NA;NA;NA;NA;NA;NA;NA;NA;NA;NA;NA;NA;NA;NA;NA;NA;NA;NA;NA;NA;NA;NA
M6T4;Deep;4;233494.047619047;388.26114964157;55.6170747749923;13.666;0.061;0.904453050132;12.167032950072;0.179814799286031;16.4785714285714;0.0920808844540424;0.00727116717343435;0.0303763192633956;0.0303763192633956;993.358816555179;0.85097061;76.0140074535873;13.8995055375299;150.930095920073;10.9295903458088;106.9149798;2.25555438891752;35.62121791;236.304394542503;25.84558523;11.3457724937315;66.5054583362019;70.5213418;5.346434622;12.24137144;6.61155404078792;36.082800211538;1.119490891;0.800348265;20.0281384566654;26.1425559788275;43.93514462;0.453506731;33.5099675702423
M6T5;Deep;5;197719.696969697;NA;NA;NA;NA;NA;NA;NA;NA;NA;NA;NA;NA;NA;NA;NA;NA;NA;NA;NA;NA;NA;NA;NA;NA;NA;NA;NA;NA;NA;NA;NA;NA;NA;NA;NA;NA;NA
M6T6;Deep;6;199512.643678161;NA;NA;NA;NA;NA;NA;NA;NA;NA;NA;NA;NA;NA;NA;NA;NA;NA;NA;NA;NA;NA;NA;NA;NA;NA;NA;NA;NA;NA;NA;NA;NA;NA;NA;NA;NA;NA
M6T7;Deep;7;278000.00;483.658100693548;61.0289158833374;12.904;0.063;0.865043331172;12.945958053186;0.294950677232442;17.1166666666667;NA;NA;NA;NA;864.399872680561;1.43581471;64.1351224167018;14.599648582205;131.236639928969;12.042731608292;77.8317976206449;1.54368676580236;34.5701614788681;183.053840836252;21.0793480545975;11.4244571761655;59.0051020587185;56.2941537640789;6.360493384;11.7223986664945;2.18157808;32.8428860041578;17.68276852;1.055061147;18.5263366701586;33.6395254560695;43.2992489971457;1.497667291;28.7752181757836
M6T8;Deep;8;229785.714285714;NA;NA;NA;NA;NA;NA;NA;NA;NA;NA;NA;NA;NA;NA;NA;NA;NA;NA;NA;NA;NA;NA;NA;NA;NA;NA;NA;NA;NA;NA;NA;NA;NA;NA;NA;NA;NA
M6T9;Deep;9;300608.695652174;NA;NA;NA;NA;NA;NA;NA;NA;NA;NA;NA;NA;NA;NA;NA;NA;NA;NA;NA;NA;NA;NA;NA;NA;NA;NA;NA;NA;NA;NA;NA;NA;NA;NA;NA;NA;NA
M6T10;Deep;10;202878.787878788;NA;58.4478839701266;NA;NA;NA;NA;NA;18.5690476190476;NA;NA;NA;NA;NA;NA;NA;NA;NA;NA;NA;NA;NA;NA;NA;NA;NA;NA;NA;NA;NA;NA;NA;NA;NA;NA;NA;NA;NA
M6T16;Deep;16;561857.142857143;612.564912952617;54.2849292713997;12.176;0.066;0.772430491616;13.654992607386;0.0946309322411183;16.9714285714286;0.0526236330610104;0.0267962749927164;0.0456586807803655;0.0456586807803655;1138.52113599472;0.10405545;75.11176548;14.3073101287185;148.2208037;12.5183248440818;148.9269295;3.479399017;36.9971228043245;305.4332295;26.60197303;9.64272872897213;28.4951929934601;82.61023154;6.12860454598986;14.3618569742189;8.845506726;51.5351368829213;0.0;0.958248649;25.87959338;37.5183310916096;52.38718665;1.26059778783746;47.30106199
M6T21;Deep;21;722272.727272727;305.681588916549;55.1175202111451;12.604;0.072;0.801002537862;14.678028178446;0.197068363582341;16.9785714285714;NA;NA;NA;NA;772.219506496587;0.34969765;39.19325049;9.053950193;77.37800148;8.475186696;85.22816965;1.99987420671223;24.64422179;238.495312835627;14.03402305;8.23224419964954;26.87944914;57.59907489;4.089894713;8.122553166;5.769218152;36.85598279;0.0;0.204416341;16.32123305;36.597826075658;32.98937689;0.4592218;39.59702488
M6T25;Deep;25;484666.666666667;NA;55.7003338689668;NA;NA;NA;NA;NA;18.1309523809524;NA;NA;NA;NA;NA;NA;NA;NA;NA;NA;NA;NA;NA;NA;NA;NA;NA;NA;NA;NA;NA;NA;NA;NA;NA;NA;NA;NA;NA
M6T31;Deep;31;108314.285714286;141.312251991974;52.8695246738325;12.875;0.064;0.836471284926;15.947200030464;0.663760534728277;17.4452380952381;0.0405453804755325;0.0529492800885603;0.0252859476518573;0.0764619943796256;716.106158754298;0.46623387;52.88842429;11.48699352;74.86875648;7.301464207;77.57705817;2.677523771;30.15835035;172.4620885;12.61242483;8.28826041991977;19.84258562;54.0219673;4.432805152;12.99053193;6.264919395;50.27617481;0.734027141;0.799163473;13.43173632;47.6327534982597;30.67051023;0.814644913;23.87299445
M6T61;Deep;61;147777.777777778;43.2875119684948;53.1193019557561;12.54;0.098;0.833515556004;16.934783873814;0.455605271969074;18.1809523809524;NA;NA;NA;NA;NA;NA;NA;NA;NA;NA;NA;NA;NA;NA;NA;NA;NA;NA;NA;NA;NA;NA;NA;NA;NA;NA;NA;NA;NA
M6T92;Deep;92;226142.857142857;62.6677469212581;NA;12.663;0.182;0.843367985744;18.751938145578;0.177954841557826;18.3678571428571;0.0468986590059679;0.0571150793857194;0.0417591022214621;0.0353343660168977;1238.21453028368;-0.12894950;97.12007395;14.00484693;99.99327623;8.941968434;241.3854122;2.43695690888427;70.96897013;274.122938025956;44.34161103;9.56247199820856;47.9516278959137;108.0755269;2.604750015;11.28902558;11.92348813;46.14013353;0.173589896489192;0.957474432;24.24918965;37.0176871001195;45.93162431;1.198688904;37.8231981
M6T183;Deep;183;434428.571428571;13.4231139586852;NA;12.829;0.009;0.850264686562;25.038035921814;-0.0314980793854032;19.2119047619048;0.0587514447103211;0.0747220226165745;0.0971210559217276;0.0540063209974443;806.158917484925;0.04932658;64.455558488851;13.3954903540485;92.7709294935118;8.60764300460117;94.3725015011651;1.43501111562383;31.1583780624261;196.463872825237;17.9436229275607;11.1586498239218;27.3770241566101;66.801167434077;4.6523528675753;11.0480616100943;7.60022139096588;50.7724106289388;0;0.914963530340543;14.3097236583;24.9303772666496;40.2976577555719;0;25.6932995888548
M6T274;Deep;274;438714.285714286;3.37958998372572;NA;12.913;0.1;0.866028574146;29.590037759778;-0.0979255634412849;19.4166666666667;NA;NA;NA;NA;NA;NA;NA;NA;NA;NA;NA;NA;NA;NA;NA;NA;NA;NA;NA;NA;NA;NA;NA;NA;NA;NA;NA;NA;NA
M6T548;Deep;548;NA;NA;NA;NA;NA;NA;NA;NA;18.5642857142857;0.0711966529021154;0.0969659219931362;0.717658432001226;0;NA;NA;NA;NA;NA;NA;NA;NA;NA;NA;NA;NA;NA;NA;NA;NA;NA;NA;NA;NA;NA;NA;NA;NA;NA
